{
  "prusti-tests/tests/verify/pass/rosetta/Knuth_shuffle.rs": [
    2.5195599759999823,
    2.0736158209999758,
    2.027472158999899,
    1.9515719669998361,
    1.9312692949999928,
    1.866049304000171,
    1.9285448619998533,
    1.8642447940001148,
    1.9281490630000917,
    1.9102929359999052
  ],
  "prusti-tests/tests/verify/pass/demos/account.rs": [
    1.7631472349999058,
    1.6992093530000147,
    1.6657838420001099,
    1.6614543640000647,
    1.6770010479999655,
    1.7671622639998077,
    1.8666832460000933,
    1.832798638999975,
    1.81583363499999,
    1.8490008569999645
  ],
  "prusti-tests/tests/verify/pass/rosetta/Knights_tour.rs": [
    103.38906071800011,
    102.40726824100011,
    99.43038087199989,
    98.81001436299994,
    102.12206155500007,
    103.07649021099996,
    102.75518016900014,
    103.12374229400007,
    100.53913314800002,
    102.01415140800009
  ],
  "prusti-tests/tests/verify/pass/quick/fold-unfold.rs": [
    1.2252600480001092,
    1.2114243979999628,
    1.2127784229996905,
    1.1490411710001354,
    1.1267915680000442,
    1.2062054000002718,
    1.2251192260000607,
    1.226451949999955,
    1.2119138900002326,
    1.2203137400001651
  ],
  "prusti-tests/tests/verify/pass/quick/moves.rs": [
    1.452204090000123,
    1.3974424099997123,
    1.4480623300000843,
    1.4573846600001161,
    1.4737681249998786,
    1.4752372510001805,
    1.447786355000062,
    1.4569633119999708,
    1.4625188579998394,
    1.4561957590003658
  ],
  "prusti-tests/tests/verify/pass/quick/mut-borrows.rs": [
    2.8030856300001687,
    2.698648796999805,
    2.631424328000321,
    2.730636198999946,
    2.8454664309997497,
    2.819858727999872,
    2.836493413000426,
    2.8096000679997815,
    2.7355004850001023,
    2.709277621000183
  ],
  "prusti-tests/tests/verify/pass/quick/shared-borrows.rs": [
    1.7220272280001154,
    1.7200758920002954,
    1.7357254949997696,
    1.715027672999895,
    1.6665461600000526,
    1.7330747959999826,
    1.7459861740003362,
    1.7071970259999034,
    1.6492970079998486,
    1.625174225000137
  ],
  "prusti-tests/tests/verify/pass/quick/trait-contracts-refinement.rs": [
    1.4681243449999783,
    1.4405539919998773,
    1.434387212999809,
    1.4201750310003263,
    1.4261107069996797,
    1.4144540120000784,
    1.4135614279998663,
    1.4249807910000527,
    1.431659585000034,
    1.435033932999886
  ],
  "prusti-tests/tests/verify/pass/quick/routes.rs": [
    4.289703569999801,
    4.098938421999719,
    3.9943180320001375,
    4.0737202529999195,
    4.182624850000138,
    4.2769034439997995,
    4.287848940999993,
    4.311391535999974,
    4.078498274999674,
    4.238634685999841
  ],
  "prusti-tests/tests/verify/pass/quick/fibonacci.rs": [
    5.69521155800021,
    5.744670238999788,
    5.6164205830000355,
    5.66999125700022,
    5.776354373000231,
    5.605413671999941,
    5.447184190999906,
    5.3887737170002765,
    5.384880251000141,
    5.355121744999906
  ],
  "prusti-tests/tests/verify/pass/pure-fn/len-lookup.rs": [
    3.112890759000038,
    3.10442411799977,
    3.067828791000011,
    3.091377218999696,
    3.087097282999821,
    3.131184757000028,
    3.0558305169997766,
    3.045012066000254,
    3.113439517000188,
    3.0986840649998157
  ],
  "prusti-tests/tests/verify/pass/pure-fn/quantifiers.rs": [
    1.9157143760003237,
    1.9016280460000416,
    1.9016227459997026,
    1.8244865510000636,
    1.7943815680000625,
    1.800892628999918,
    1.8044573379997928,
    1.7885284479998518,
    1.7833333529997617,
    1.7826205510000364
  ],
  "prusti-tests/tests/verify/pass/pure-fn/recursive-pure-fn.rs": [
    1.5944852309999078,
    1.5894978390001597,
    1.5905464580000626,
    1.5820306020000316,
    1.5879910339999697,
    1.5852903939999123,
    1.5804713000002266,
    1.586066307999772,
    1.5939983630000825,
    1.596607302999928
  ],
  "prusti-tests/tests/verify/pass/pure-fn/ref-mut-arg.rs": [
    2.3507493860001887,
    2.38376308900024,
    2.3384494619999714,
    2.4599344199996267,
    2.463830630999837,
    2.463822230000005,
    2.459356421999928,
    2.504788743000063,
    2.524257500999738,
    2.468373636999786
  ],
  "prusti-tests/tests/verify/pass/rosetta/Ackermann_function.rs": [
    1.7770432409997738,
    1.7439363369999228,
    1.7706504239999958,
    1.7420997009999155,
    1.6925017520002257,
    1.764177158000166,
    1.730147037000279,
    1.7665749020002295,
    1.6795594069999424,
    1.6791062860002057
  ],
  "prusti-tests/tests/verify/pass/rosetta/Heapsort.rs": [
    10.137527584000054,
    10.365157307000118,
    10.238678860000164,
    10.279128860000128,
    10.292751971000143,
    10.284793519000232,
    10.152786895999725,
    10.148065117999977,
    10.34638841900005,
    9.974498674000188
  ]
}